Model,Accuracy Mean,Accuracy Std,Precision Mean,Precision Std,Recall Mean,Recall Std,F1 Score Mean,F1 Score Std
Logistic Regression,0.8260162601626015,0.02411771865722162,0.8508341850820516,0.019767731178939364,0.8260162601626015,0.02411771865722162,0.8036398991571879,0.03160241381172223
CombinedClassifier,0.8211382113821137,0.025709574472913662,0.8448413522599504,0.023878488522039137,0.8211382113821137,0.025709574472913662,0.7978218309514431,0.03292805347695165
SVC,0.8178861788617887,0.02342253705835433,0.8379521673242996,0.024101896423204348,0.8178861788617887,0.02342253705835433,0.7951022703393303,0.029519596081320557
KNeighborsClassifier,0.8178861788617885,0.03381566559851288,0.8244896246401703,0.04208201400664811,0.8178861788617885,0.03381566559851288,0.8017112359674586,0.03698800558284454
Random Forest Classifier,0.8146341463414635,0.015638523627375053,0.8180222845019415,0.023484803443539953,0.8146341463414635,0.015638523627375053,0.7998875245109942,0.017179337692140386
KFCClassifier,0.8113821138211381,0.02104419366755248,0.8301603614483734,0.0256686684557805,0.8113821138211381,0.02104419366755248,0.7873527349820382,0.025854024992207385
GaussianNB,0.8048780487804879,0.027570447085875128,0.8045199448935791,0.03348612237429429,0.8048780487804879,0.027570447085875128,0.7895406141019169,0.029710383190100217
