Rank,Model,Accuracy Mean,Accuracy Std
1,Logistic Regression,0.8260162601626015,0.02411771865722162
2,CombinedClassifier,0.8211382113821137,0.025709574472913662
3,SVC,0.8178861788617887,0.02342253705835433
4,KNeighborsClassifier,0.8178861788617885,0.03381566559851288
5,Random Forest Classifier,0.8146341463414635,0.015638523627375053
6,KFCClassifier,0.8113821138211381,0.02104419366755248
7,GaussianNB,0.8048780487804879,0.027570447085875128
