Model,Accuracy mean,Accuracy std,Precision mean,Precision std,Recall mean,Recall std,F1 Score mean,F1 Score std
Logistic Regression,0.764935064935065,0.05038224608122293,0.7604250450046388,0.0546753673987885,0.764935064935065,0.05038224608122293,0.7541012958559806,0.055030999254327494
Random Forest Classifier,0.7584415584415585,0.04508196092911637,0.7510698476998545,0.04988543628722177,0.7584415584415585,0.04508196092911637,0.7489992538430416,0.05229915762697511
SVC,0.7558441558441558,0.043704723819386594,0.754478416185387,0.053388939143072425,0.7558441558441558,0.043704723819386594,0.7372813191711234,0.049224045249386485
CombinedClassifier,0.7532467532467532,0.046825341239792075,0.7486324218209669,0.053449382663465196,0.7532467532467532,0.046825341239792075,0.73502237165476,0.05969057909827673
KFCClassifier,0.7480519480519481,0.04389725657443008,0.7470910643317976,0.05378821544657718,0.7480519480519481,0.04389725657443008,0.7244907836873192,0.057729401543562146
GaussianNB,0.7467532467532467,0.040028662356941414,0.7442340960942622,0.040175118089654786,0.7467532467532467,0.040028662356941414,0.7425899022450728,0.042360729380683915
KNeighborsClassifier,0.7051948051948052,0.04223275984807556,0.6981038118413764,0.04528635118321911,0.7051948051948052,0.04223275984807556,0.6983958442303451,0.04285696090998371
